product_category,unit_price,unit_cost,historical_avg_sales,lead_time_days,quarter,actual_demand
Raw Materials,905.15,480.09,31.4,23,Q3,21
Apparel,587.01,315.57,20.9,24,Q4,17
Raw Materials,894.08,670.35,79.8,23,Q2,40
Electronics,517.54,326.07,39.4,18,Q2,38
Perishables,388.04,176.57,19.9,27,Q3,14
Automotive,903.49,415.88,55.5,20,Q2,50
Apparel,250.11,169.5,79.0,9,Q4,102
Automotive,426.89,293.54,34.4,6,Q3,22
Automotive,745.37,348.95,77.8,6,Q4,68
Raw Materials,81.16,52.95,93.5,18,Q3,79
Apparel,573.94,264.26,29.8,15,Q3,12
Perishables,220.95,118.56,96.0,5,Q1,67
Automotive,366.2,261.92,104.3,9,Q4,97
Apparel,703.94,393.32,64.6,5,Q1,40
Perishables,732.31,425.93,66.8,16,Q1,39
Raw Materials,138.18,102.33,64.9,9,Q1,54
Raw Materials,865.89,584.66,71.7,15,Q1,38
Automotive,608.16,402.18,106.5,23,Q4,90
Raw Materials,209.78,101.16,49.1,13,Q3,43
Electronics,287.64,159.84,100.9,27,Q1,81
Perishables,46.33,27.65,65.9,11,Q1,53
Perishables,334.11,198.59,57.4,11,Q2,58
Electronics,271.06,183.22,67.2,9,Q1,49
Electronics,617.26,336.89,66.4,23,Q4,70
Raw Materials,113.58,72.59,91.5,19,Q4,98
Perishables,782.95,399.69,48.7,11,Q2,44
Apparel,821.11,535.54,16.7,6,Q3,8
Raw Materials,895.88,565.05,113.4,9,Q1,74
Perishables,350.37,250.85,71.9,25,Q2,84
Automotive,933.77,555.6,40.4,19,Q4,23
Raw Materials,548.05,265.92,50.6,25,Q3,46
Raw Materials,847.25,437.21,104.3,26,Q1,66
Raw Materials,857.68,487.23,54.1,5,Q1,33
Perishables,633.28,432.36,16.9,3,Q2,9
Apparel,202.73,129.76,104.2,10,Q1,85
Perishables,374.62,251.16,76.9,16,Q2,72
Apparel,482.94,230.93,51.8,4,Q1,35
Apparel,249.47,149.74,17.6,6,Q1,30
Electronics,945.04,575.55,111.1,16,Q3,79
Perishables,932.1,678.01,35.0,23,Q1,8
Perishables,194.24,113.23,88.1,24,Q4,83
Perishables,308.71,201.66,88.2,10,Q3,87
Apparel,309.82,193.35,106.0,20,Q1,73
Raw Materials,846.82,628.1,24.9,4,Q3,20
Perishables,463.69,272.28,77.0,24,Q2,83
Apparel,515.24,267.41,116.4,14,Q3,85
Raw Materials,806.24,557.67,88.4,17,Q4,58
Electronics,402.93,249.79,41.3,25,Q2,36
Apparel,113.59,70.6,57.9,14,Q2,55
Electronics,640.78,426.77,69.3,18,Q4,78
Apparel,596.67,372.39,74.4,14,Q3,58
Automotive,734.66,373.15,33.2,6,Q2,36
Apparel,402.64,227.59,108.1,7,Q4,134
Automotive,495.95,291.71,32.1,15,Q4,20
Automotive,64.13,36.83,75.4,22,Q2,67
Apparel,536.51,250.85,101.1,5,Q4,113
Automotive,228.08,152.32,25.6,14,Q2,24
Electronics,636.71,403.92,17.4,12,Q2,11
Perishables,296.49,211.86,51.6,23,Q3,48
Apparel,920.5,539.05,93.8,7,Q4,91
Perishables,941.36,589.49,41.3,20,Q4,34
Apparel,257.12,140.4,94.2,25,Q1,72
Electronics,526.24,316.29,48.6,27,Q3,42
Raw Materials,561.83,314.88,24.6,23,Q4,21
Electronics,543.87,373.19,98.1,23,Q1,79
Raw Materials,666.11,332.33,25.6,19,Q3,22
Apparel,242.54,153.05,23.5,4,Q1,21
Apparel,377.28,190.97,118.5,9,Q4,131
Raw Materials,382.4,277.22,73.6,14,Q3,59
Perishables,270.85,170.21,27.5,22,Q1,14
Electronics,717.23,391.39,54.4,27,Q1,35
Apparel,916.53,684.06,19.5,15,Q1,6
Apparel,943.6,686.81,88.0,5,Q1,64
Electronics,611.08,351.19,92.4,18,Q3,76
Raw Materials,912.42,668.48,62.8,8,Q4,42
Raw Materials,461.97,297.5,42.9,20,Q1,27
Electronics,276.55,169.81,44.4,19,Q1,37
Apparel,161.2,117.21,114.7,8,Q4,152
Apparel,598.21,373.6,107.0,26,Q3,92
Electronics,382.83,201.04,116.8,27,Q3,99
Electronics,802.88,489.27,29.1,5,Q1,18
Apparel,700.77,366.42,41.0,21,Q2,31
Electronics,157.54,73.06,36.8,15,Q1,35
Raw Materials,284.49,211.48,65.0,4,Q3,68
Perishables,320.08,161.67,73.9,14,Q2,84
Apparel,604.48,325.68,109.8,21,Q4,126
Raw Materials,932.22,529.1,56.2,20,Q3,40
Electronics,507.73,261.43,70.0,25,Q1,46
Apparel,764.79,468.2,66.7,19,Q4,57
Perishables,567.48,367.46,28.5,17,Q3,30
Perishables,166.33,92.77,88.1,10,Q1,70
Apparel,925.53,527.01,19.3,21,Q1,17
Automotive,293.52,204.55,72.6,23,Q1,47
Automotive,157.16,102.31,24.7,11,Q3,22
Electronics,665.88,397.2,111.7,13,Q1,74
Raw Materials,230.51,147.26,39.8,24,Q4,35
Automotive,720.2,532.22,29.0,26,Q3,22
Raw Materials,137.53,84.69,56.7,5,Q4,65
Electronics,711.04,494.4,48.8,9,Q3,37
Electronics,850.38,486.35,52.3,6,Q1,26
Apparel,476.42,273.82,76.6,24,Q4,95
Automotive,298.24,191.19,40.7,4,Q3,48
Apparel,340.62,160.05,25.7,23,Q2,21
Perishables,119.98,60.98,109.2,26,Q3,91
Perishables,517.31,324.29,119.7,6,Q2,126
Raw Materials,44.82,20.51,90.9,26,Q2,89
Electronics,693.8,408.99,103.1,21,Q1,63
Perishables,221.55,117.23,27.1,14,Q2,25
Apparel,500.55,235.46,70.9,15,Q1,45
Apparel,97.67,44.25,86.9,15,Q4,100
Electronics,166.33,124.61,77.5,11,Q4,106
Electronics,814.16,428.42,28.1,20,Q4,30
Perishables,893.89,621.82,112.3,5,Q4,93
Perishables,763.69,526.58,32.2,5,Q1,21
Perishables,645.33,382.73,48.2,6,Q2,54
Perishables,607.93,357.5,75.6,17,Q1,48
Electronics,396.25,233.96,110.2,23,Q3,81
Perishables,611.21,397.0,98.4,22,Q1,75
Electronics,525.45,253.18,119.8,6,Q1,77
Electronics,70.51,40.83,66.9,12,Q2,60
Electronics,133.65,78.73,103.9,17,Q4,134
Apparel,482.59,302.73,90.6,15,Q3,91
Perishables,671.49,394.29,77.9,13,Q4,55
Automotive,902.03,635.02,29.6,15,Q2,29
Electronics,272.97,145.27,112.9,13,Q4,134
Electronics,425.96,225.36,103.2,10,Q3,96
Electronics,143.05,65.02,34.6,16,Q3,48
Apparel,385.17,202.88,99.3,12,Q1,76
Automotive,343.48,216.58,105.7,27,Q2,85
Automotive,875.79,502.6,110.8,14,Q2,70
Electronics,493.51,308.11,47.7,26,Q1,44
Raw Materials,233.54,139.06,115.9,19,Q1,97
Raw Materials,417.31,302.3,67.7,10,Q1,44
Perishables,231.01,111.02,18.8,19,Q2,12
Perishables,99.79,51.63,70.4,17,Q2,72
Perishables,181.27,126.06,114.3,25,Q4,110
Automotive,286.38,159.46,17.7,3,Q4,24
Perishables,250.28,137.26,25.9,10,Q3,10
Apparel,202.48,112.21,90.7,17,Q3,89
Perishables,916.01,427.48,36.5,24,Q3,19
Automotive,51.83,37.54,104.1,25,Q4,114
Raw Materials,680.59,324.51,50.9,7,Q2,31
Automotive,370.38,273.98,80.5,22,Q2,66
Apparel,307.96,143.35,96.9,24,Q1,81
Automotive,554.86,252.12,99.0,25,Q1,82
Electronics,532.89,298.39,37.9,9,Q2,14
Perishables,423.75,301.0,87.6,15,Q1,65
Automotive,544.3,301.86,36.7,14,Q2,24
Apparel,279.95,187.58,41.3,10,Q1,25
Apparel,802.68,504.63,19.9,16,Q4,22
Perishables,207.78,150.2,40.8,21,Q1,30
Raw Materials,694.33,458.86,114.7,5,Q3,95
Apparel,480.22,321.28,42.5,17,Q3,37
Perishables,583.13,378.87,26.2,4,Q1,19
Electronics,415.64,223.83,60.7,10,Q3,58
Electronics,164.5,76.48,69.7,25,Q4,85
Perishables,706.32,358.84,91.0,25,Q4,73
Electronics,628.47,340.66,114.1,11,Q3,94
Automotive,575.32,259.01,64.7,23,Q3,54
Automotive,423.8,216.73,103.7,22,Q2,87
Perishables,794.31,586.92,39.2,26,Q4,37
Perishables,349.29,186.02,75.1,14,Q4,72
Electronics,529.95,292.27,80.7,15,Q4,95
Automotive,62.2,30.42,34.5,25,Q2,32
Perishables,103.73,77.5,57.2,19,Q1,62
Raw Materials,935.52,486.02,50.3,27,Q4,34
Apparel,706.37,529.07,52.2,15,Q2,42
Apparel,78.3,58.31,19.7,16,Q3,23
Electronics,396.38,282.49,97.6,7,Q3,86
Perishables,862.39,390.87,119.1,9,Q3,85
Raw Materials,802.42,546.31,68.8,21,Q2,49
Electronics,209.66,108.21,99.1,8,Q2,89
Electronics,511.62,292.04,33.3,19,Q2,16
Electronics,180.05,90.97,80.4,8,Q1,83
Electronics,579.58,333.82,63.0,4,Q4,64
Electronics,80.38,39.74,100.0,12,Q4,129
Electronics,541.28,391.83,41.5,26,Q2,39
Automotive,524.67,242.06,86.7,18,Q1,55
Apparel,814.6,489.95,101.6,21,Q4,103
Apparel,283.0,137.65,106.2,21,Q4,141
Electronics,183.18,128.57,102.9,15,Q1,76
Apparel,841.59,411.07,107.3,21,Q2,80
Automotive,786.15,535.69,31.9,9,Q4,35
Raw Materials,45.81,30.41,49.3,16,Q1,43
Electronics,145.42,92.63,101.0,26,Q4,131
Automotive,433.34,215.79,112.9,17,Q1,79
Raw Materials,198.12,102.77,46.6,6,Q1,41
Electronics,92.71,67.45,106.5,20,Q4,145
Apparel,445.82,247.76,94.6,22,Q3,87
Perishables,661.8,407.82,64.2,16,Q4,52
Electronics,133.0,65.67,98.5,17,Q1,84
Raw Materials,635.61,424.6,116.1,19,Q4,97
Raw Materials,705.46,336.6,82.0,7,Q2,60
Perishables,412.49,198.73,93.3,17,Q3,89
Electronics,633.02,404.78,64.5,17,Q3,52
Perishables,808.75,421.92,98.7,5,Q4,82
Apparel,869.77,399.87,98.6,22,Q1,50
Electronics,222.48,134.05,76.1,24,Q1,63
Automotive,765.78,503.03,30.7,15,Q1,18
Perishables,672.43,330.81,110.3,8,Q3,81
Perishables,135.49,91.78,74.9,27,Q3,85
Raw Materials,354.88,183.56,49.3,20,Q2,43
Electronics,119.96,77.35,101.6,3,Q2,91
Automotive,667.41,340.26,19.3,4,Q4,14
Electronics,905.91,645.67,77.5,8,Q1,46
Automotive,891.03,415.04,50.6,22,Q3,31
Perishables,854.28,500.37,62.5,24,Q3,54
Raw Materials,264.86,185.97,79.7,15,Q3,69
Raw Materials,717.29,350.36,84.2,23,Q3,56
Electronics,488.88,354.7,86.4,21,Q1,68
Electronics,804.81,561.55,91.4,23,Q1,59
Raw Materials,377.65,171.34,72.0,26,Q3,69
Electronics,439.14,233.81,106.7,6,Q2,94
Perishables,579.04,275.79,55.3,14,Q2,62
Apparel,707.13,502.44,57.6,10,Q2,40
Automotive,204.69,101.05,60.9,15,Q2,52
Raw Materials,408.57,233.75,52.7,9,Q2,47
Electronics,922.17,620.21,15.9,7,Q1,5
Raw Materials,159.1,73.03,39.6,17,Q2,24
Electronics,432.11,291.84,114.6,13,Q1,84
Raw Materials,385.22,218.93,84.7,17,Q1,66
Raw Materials,826.44,481.45,43.3,22,Q2,37
Electronics,523.36,245.47,27.8,3,Q2,24
Raw Materials,174.99,79.45,87.0,26,Q2,76
Automotive,334.05,153.02,62.7,9,Q3,43
Raw Materials,154.42,109.67,89.0,22,Q2,86
Raw Materials,652.82,299.66,91.7,3,Q1,67
Automotive,642.09,293.05,86.7,13,Q2,67
Automotive,602.24,294.69,95.7,10,Q3,77
Electronics,586.55,274.35,56.4,16,Q1,41
Electronics,137.0,75.71,78.5,20,Q3,74
Apparel,751.97,436.06,26.5,11,Q2,21
Apparel,736.32,347.76,99.8,21,Q2,73
Apparel,784.23,559.89,83.2,24,Q1,56
Electronics,373.48,235.72,54.9,23,Q1,31
Electronics,444.42,331.36,78.4,13,Q2,64
Automotive,731.0,438.5,105.7,23,Q4,88
Raw Materials,473.79,299.29,100.4,25,Q2,77
Raw Materials,909.53,677.17,60.2,25,Q4,50
Electronics,635.77,404.34,113.1,6,Q2,90
Perishables,132.29,79.94,69.9,18,Q2,89
Perishables,568.65,411.2,57.0,20,Q1,35
Raw Materials,789.09,468.13,86.5,9,Q2,60
Electronics,556.25,374.38,59.6,6,Q2,51
Electronics,379.89,224.92,114.9,17,Q3,101
Raw Materials,247.55,169.92,33.4,12,Q1,39
Apparel,864.36,448.62,39.9,19,Q1,30
Raw Materials,425.6,233.97,95.5,20,Q2,76
Electronics,425.79,299.8,92.4,19,Q2,94
Apparel,624.19,354.46,39.4,13,Q2,19
Apparel,580.97,349.15,43.8,4,Q3,30
Apparel,693.01,375.8,50.8,9,Q2,48
Perishables,588.93,382.12,96.1,9,Q4,81
Perishables,352.64,199.19,69.5,15,Q2,70
Raw Materials,768.32,522.37,43.5,23,Q4,38
Apparel,455.74,315.78,119.4,4,Q2,113
Electronics,945.89,582.76,21.3,22,Q4,27
Automotive,127.98,78.69,15.1,18,Q4,20
Raw Materials,932.93,566.78,27.6,15,Q3,19
Electronics,651.12,470.19,24.4,24,Q3,23
Electronics,593.72,355.02,89.4,22,Q2,69
Apparel,367.72,266.12,73.1,27,Q3,61
Perishables,401.25,247.11,106.7,6,Q2,115
Raw Materials,814.8,560.13,56.7,17,Q2,46
Automotive,611.43,334.89,106.1,12,Q2,82
Electronics,333.5,247.83,38.5,4,Q2,31
Raw Materials,561.47,263.99,28.9,4,Q2,28
Electronics,591.69,308.01,67.8,22,Q1,36
Electronics,646.34,461.14,17.7,23,Q1,11
Raw Materials,918.9,569.95,113.3,15,Q4,86
Automotive,292.75,144.79,80.1,13,Q4,71
Apparel,750.49,459.35,65.9,4,Q2,40
Apparel,603.74,398.95,40.1,25,Q3,27
Raw Materials,602.43,337.39,100.5,10,Q3,76
Raw Materials,318.69,179.37,59.7,8,Q3,50
Apparel,362.35,214.64,101.9,24,Q1,84
Apparel,740.07,552.6,29.0,4,Q1,15
Apparel,235.83,176.02,81.1,20,Q1,65
Automotive,98.8,72.84,26.5,19,Q4,28
Apparel,484.3,341.42,40.6,22,Q2,47
Perishables,382.06,241.33,56.2,8,Q2,57
Electronics,776.08,564.27,103.3,3,Q2,82
Raw Materials,750.87,377.28,84.2,25,Q3,54
Electronics,100.65,59.84,26.1,21,Q4,32
Electronics,443.38,326.17,23.9,10,Q3,26
Perishables,51.02,23.62,55.7,23,Q3,58
Raw Materials,358.23,185.42,97.3,9,Q3,92
Automotive,59.06,42.84,46.0,19,Q4,53
Electronics,928.15,510.29,27.7,5,Q2,17
Electronics,522.57,385.35,48.8,20,Q4,53
Raw Materials,471.65,337.61,76.2,15,Q3,78
Automotive,156.57,101.54,77.8,10,Q1,65
Electronics,382.15,223.55,32.2,27,Q4,35
Perishables,847.1,471.21,85.5,5,Q2,74
Electronics,275.17,161.47,94.3,23,Q1,65
Perishables,331.25,173.59,113.4,27,Q1,87
Apparel,189.98,134.98,24.6,17,Q2,23
Raw Materials,706.85,415.15,68.4,3,Q3,43
Perishables,177.93,128.44,81.8,14,Q4,77
Automotive,48.49,32.78,107.6,7,Q4,114
Perishables,405.36,206.72,47.6,13,Q1,39
Perishables,665.97,424.51,73.2,11,Q2,79
Automotive,732.5,541.62,16.2,19,Q1,9
Perishables,728.2,362.21,107.0,8,Q1,71
Automotive,375.16,230.88,96.9,22,Q2,74
Apparel,41.71,29.05,80.1,12,Q4,115
Raw Materials,762.72,550.76,106.8,25,Q1,64
Automotive,550.95,320.54,86.0,26,Q2,71
Perishables,285.54,143.48,81.8,19,Q3,73
Automotive,683.99,351.17,61.2,21,Q4,49
Electronics,434.96,314.66,21.6,22,Q4,26
Electronics,620.17,372.82,27.4,17,Q2,25
Raw Materials,389.29,225.18,36.3,18,Q4,26
Apparel,677.23,388.9,43.7,24,Q1,21
Perishables,311.84,145.88,104.5,12,Q2,120
Automotive,892.99,480.6,20.2,6,Q3,11
Automotive,867.55,447.6,95.4,6,Q2,65
Electronics,723.75,400.17,16.4,6,Q4,14
Raw Materials,80.58,59.56,40.9,9,Q4,37
Electronics,746.81,545.46,104.6,15,Q3,66
Raw Materials,603.93,351.12,70.9,23,Q1,47
Automotive,706.53,413.68,73.8,26,Q3,57
Apparel,87.55,54.67,91.7,16,Q2,84
Electronics,462.18,211.86,51.7,14,Q1,40
Electronics,177.63,121.22,24.3,12,Q2,28
Apparel,246.94,155.28,22.1,13,Q2,36
Electronics,534.62,387.86,103.9,8,Q2,88
Automotive,824.41,504.5,72.3,9,Q4,63
Raw Materials,363.94,166.17,97.6,21,Q4,99
Automotive,340.5,178.07,16.9,24,Q4,14
Apparel,640.26,449.15,40.1,16,Q1,36
Electronics,64.72,47.28,110.5,5,Q1,94
Automotive,493.01,354.16,62.4,22,Q3,60
Perishables,218.0,151.29,45.1,10,Q4,42
Electronics,565.61,316.53,82.5,25,Q3,67
Automotive,447.32,260.63,48.3,4,Q3,46
Apparel,864.59,576.62,68.2,10,Q4,62
Apparel,706.7,356.1,61.2,7,Q2,43
Perishables,843.0,429.02,48.6,16,Q1,31
Apparel,699.92,457.11,117.9,8,Q3,90
Perishables,665.04,480.22,90.5,6,Q2,84
Perishables,210.54,103.7,111.4,22,Q2,121
Perishables,731.22,331.67,101.3,4,Q4,77
Perishables,840.64,497.97,89.8,18,Q4,66
Automotive,131.58,89.22,110.1,22,Q3,114
Electronics,436.31,251.67,103.4,19,Q3,86
Perishables,617.07,439.43,26.2,18,Q3,17
Electronics,636.31,287.91,44.3,25,Q3,36
Perishables,671.68,400.46,52.8,8,Q1,37
Raw Materials,251.81,127.87,109.4,15,Q3,101
Electronics,835.55,626.61,61.9,4,Q2,41
Perishables,415.61,211.67,16.9,22,Q4,8
Automotive,919.28,654.31,45.7,27,Q3,34
Raw Materials,56.39,26.0,47.0,11,Q3,51
Electronics,296.18,144.59,37.9,16,Q1,23
Electronics,51.29,31.25,101.6,27,Q1,85
Perishables,245.98,130.6,20.1,11,Q4,13
Apparel,802.72,533.34,76.2,14,Q4,67
Automotive,561.75,310.28,102.3,18,Q3,93
Electronics,867.76,476.61,21.8,19,Q4,20
Electronics,62.88,34.06,48.3,10,Q4,57
Perishables,852.2,525.79,114.6,10,Q2,101
Raw Materials,757.81,422.95,68.8,25,Q4,60
Perishables,633.52,294.49,64.7,4,Q1,39
Electronics,284.75,178.8,41.7,24,Q1,32
Perishables,167.42,111.66,62.3,3,Q1,47
Electronics,606.49,369.4,44.5,18,Q4,53
Electronics,46.97,32.14,103.6,13,Q1,100
Automotive,461.2,285.22,45.8,12,Q2,43
Electronics,601.53,430.6,107.4,21,Q3,82
Electronics,67.0,36.67,119.2,16,Q1,107
Apparel,689.77,391.53,46.2,18,Q2,31
Raw Materials,787.29,590.1,20.4,16,Q1,10
Raw Materials,389.29,238.69,24.7,20,Q3,24
Raw Materials,540.12,259.21,23.4,14,Q3,16
Apparel,657.59,421.79,77.9,13,Q2,69
Automotive,166.37,119.0,106.7,9,Q4,118
Apparel,100.46,59.25,101.1,10,Q1,87
Raw Materials,308.49,186.39,56.9,15,Q1,44
Electronics,703.55,389.99,87.7,23,Q2,60
Raw Materials,652.4,435.4,105.5,23,Q2,90
Perishables,449.61,259.08,60.3,11,Q4,54
Perishables,569.8,363.9,17.9,27,Q4,10
Raw Materials,431.78,305.37,95.0,26,Q3,90
Raw Materials,349.19,207.71,81.9,20,Q3,79
Perishables,323.21,176.75,70.8,7,Q4,66
Raw Materials,568.0,330.63,32.6,6,Q2,23
Perishables,524.04,371.68,18.3,16,Q4,16
Perishables,185.62,137.92,66.2,17,Q2,77
Raw Materials,945.32,554.32,78.7,15,Q2,55
Raw Materials,68.15,31.27,71.8,24,Q1,75
Apparel,733.33,366.6,52.4,21,Q2,28
Apparel,217.11,159.08,86.1,16,Q1,68
Perishables,190.37,109.48,30.8,5,Q2,39
Perishables,228.65,117.82,107.4,5,Q4,115
Perishables,223.19,140.94,64.9,7,Q4,62
Perishables,160.46,91.8,90.8,4,Q1,69
Perishables,539.88,395.56,44.0,26,Q2,44
Automotive,899.08,634.17,68.9,21,Q4,59
Automotive,487.19,289.03,61.3,26,Q3,51
Perishables,876.05,561.83,105.9,19,Q2,80
Raw Materials,774.0,469.86,21.2,11,Q1,5
Electronics,622.58,411.2,21.6,10,Q2,22
Apparel,67.8,33.11,29.1,12,Q2,33
Apparel,366.43,186.39,92.0,26,Q2,77
Perishables,711.46,355.56,22.2,3,Q1,19
Apparel,787.95,399.69,103.8,3,Q2,75
Automotive,110.66,69.47,47.1,8,Q4,44
Perishables,615.2,354.9,15.6,4,Q3,5
Electronics,495.57,253.56,65.2,18,Q2,55
Automotive,686.2,377.37,44.5,4,Q4,33
Perishables,60.04,34.53,38.7,9,Q1,29
Apparel,70.64,48.43,83.0,21,Q2,84
Automotive,573.14,322.43,81.9,22,Q2,61
Automotive,689.7,347.08,45.4,26,Q2,28
Automotive,405.32,284.7,29.1,4,Q2,25
Perishables,287.11,180.67,15.0,27,Q2,21
Electronics,97.05,48.35,50.7,11,Q4,71
Electronics,115.27,54.26,52.8,27,Q3,57
Raw Materials,757.93,365.65,59.4,15,Q2,45
Raw Materials,654.38,468.01,66.9,25,Q1,39
Apparel,688.87,378.94,44.2,3,Q3,36
Electronics,655.26,305.88,26.1,11,Q3,20
Raw Materials,827.9,502.71,36.9,18,Q2,20
Perishables,376.53,276.48,34.5,11,Q1,27
Electronics,638.19,388.22,83.0,26,Q4,90
Apparel,726.16,536.79,29.3,11,Q3,24
Raw Materials,87.5,47.72,35.9,24,Q4,34
Apparel,301.54,192.89,101.4,27,Q2,80
Apparel,666.12,451.25,50.4,8,Q2,39
Electronics,153.18,95.87,92.3,27,Q2,102
Apparel,462.33,213.11,95.0,8,Q3,85
Raw Materials,283.2,193.73,28.2,14,Q1,20
Electronics,149.39,100.14,50.9,23,Q3,44
Automotive,243.17,135.55,15.1,14,Q3,17
Raw Materials,810.83,602.38,102.1,13,Q3,86
Electronics,304.94,209.76,109.4,6,Q1,79
Raw Materials,470.79,344.66,21.1,14,Q2,12
Electronics,257.63,152.2,72.2,22,Q3,74
Electronics,245.1,169.42,109.1,12,Q1,87
Automotive,326.78,218.01,100.2,15,Q4,104
Raw Materials,346.98,184.77,108.5,27,Q1,84
Automotive,667.99,314.5,81.2,22,Q3,62
Perishables,732.59,471.58,116.0,23,Q2,106
Automotive,537.64,374.15,32.4,5,Q1,28
Raw Materials,807.72,368.03,70.4,15,Q3,51
Raw Materials,639.79,458.94,114.9,6,Q4,102
Electronics,239.4,146.59,77.3,20,Q3,70
Automotive,932.87,646.45,91.9,21,Q1,56
Apparel,817.34,423.44,41.0,6,Q1,25
Perishables,646.61,453.39,95.2,26,Q1,61
Automotive,753.82,480.11,99.5,12,Q1,63
Automotive,332.72,164.89,99.9,10,Q2,86
Perishables,854.12,640.48,45.3,6,Q4,35
Perishables,908.91,546.8,94.9,27,Q1,51
Perishables,92.51,57.05,80.3,16,Q1,67
Raw Materials,391.55,226.26,83.9,20,Q2,75
Apparel,72.78,50.76,86.4,4,Q1,75
Apparel,432.56,231.09,75.9,26,Q3,70
Apparel,361.28,174.05,103.8,9,Q1,74
Apparel,734.43,369.46,67.2,22,Q4,64
Perishables,580.36,429.56,22.5,16,Q4,15
Automotive,896.11,535.81,25.0,5,Q3,14
Automotive,744.25,479.46,30.9,6,Q1,25
Electronics,530.58,352.97,112.8,25,Q3,94
Electronics,577.29,422.35,20.7,8,Q2,13
Apparel,316.59,215.56,20.4,21,Q4,31
Apparel,730.75,414.42,89.8,7,Q3,72
Perishables,205.27,131.11,99.7,17,Q3,97
Apparel,176.14,111.99,72.2,25,Q2,63
Perishables,284.81,169.38,115.0,19,Q2,116
Raw Materials,615.27,437.46,25.8,7,Q1,15
Electronics,196.6,90.1,31.7,26,Q3,27
Electronics,151.05,107.62,43.8,27,Q3,52
Electronics,217.67,140.7,84.8,8,Q1,69
Raw Materials,650.66,403.02,47.8,3,Q2,42
Raw Materials,755.45,400.14,16.7,20,Q3,5
Perishables,495.99,266.91,116.5,3,Q3,95
Apparel,499.36,266.89,27.4,8,Q4,32
Raw Materials,246.32,119.76,31.5,27,Q4,40
Raw Materials,303.94,148.5,67.7,21,Q4,70
Perishables,814.12,370.77,16.3,21,Q4,5
Raw Materials,210.09,156.32,47.2,23,Q3,47
Apparel,706.76,444.3,40.9,24,Q1,25
Automotive,433.82,236.16,22.6,7,Q2,22
Apparel,754.22,399.7,35.9,25,Q3,25
Apparel,132.25,88.16,113.8,20,Q1,84
Automotive,143.11,90.0,34.9,7,Q4,37
Electronics,226.04,134.29,42.7,9,Q2,49
Automotive,301.59,166.77,30.1,24,Q3,27
Perishables,108.78,50.54,24.7,11,Q4,20
Automotive,283.34,211.22,54.2,5,Q3,48
Automotive,450.12,246.84,47.9,8,Q4,57
Perishables,710.25,344.54,76.7,26,Q2,67
Electronics,85.94,48.28,76.2,15,Q1,67
Automotive,403.12,200.78,92.6,12,Q2,80
Electronics,493.22,260.0,24.7,20,Q3,22
Perishables,698.34,521.86,39.1,26,Q3,31
Electronics,650.31,351.0,24.6,15,Q1,10
Automotive,583.36,333.42,50.0,18,Q2,28
Perishables,489.09,325.25,36.0,26,Q2,27
Perishables,514.52,375.32,59.9,12,Q1,42
Perishables,529.88,354.67,109.0,3,Q1,82
Perishables,681.97,423.99,71.2,6,Q3,53
Apparel,753.43,470.28,97.4,24,Q2,68
Raw Materials,231.13,153.86,58.0,5,Q2,53
Electronics,276.82,194.37,69.2,18,Q1,56
Perishables,780.85,425.14,99.6,5,Q1,56
Raw Materials,881.35,543.8,71.2,12,Q1,41
Electronics,793.59,543.75,115.0,25,Q4,115
Automotive,379.9,253.98,107.0,18,Q1,76
Electronics,821.52,449.31,51.2,19,Q4,56
Perishables,417.21,311.25,31.8,11,Q1,32
Raw Materials,248.93,177.92,92.8,19,Q1,68
Automotive,524.02,268.91,71.8,24,Q2,57
Automotive,617.52,355.3,69.5,4,Q4,63
Perishables,263.27,192.89,43.1,24,Q2,55
Electronics,430.34,252.92,58.2,12,Q2,62
Electronics,225.34,146.86,106.4,15,Q2,98
Apparel,346.86,245.28,36.7,19,Q1,39
Automotive,855.06,588.89,114.9,19,Q1,69
Apparel,611.87,332.5,16.0,18,Q4,12
Electronics,527.45,263.28,106.8,27,Q1,62
Electronics,523.74,312.58,104.8,21,Q1,72
Perishables,52.16,32.71,99.4,27,Q3,92
Raw Materials,205.37,108.24,22.0,17,Q1,13
Electronics,107.44,68.48,118.9,15,Q4,148
Perishables,683.04,435.54,19.8,22,Q3,11
Perishables,885.65,563.48,84.5,4,Q1,59
Automotive,743.26,435.16,76.0,27,Q1,40
Automotive,538.71,319.82,86.1,9,Q4,80
Raw Materials,715.45,500.13,51.4,11,Q2,33
Apparel,184.4,124.01,60.5,5,Q2,57
Automotive,319.28,199.71,43.4,13,Q4,48
Perishables,208.69,118.97,59.6,4,Q4,66
Electronics,572.05,406.1,101.3,21,Q2,87
Electronics,287.47,155.89,81.9,17,Q3,65
Apparel,791.59,483.71,38.0,16,Q4,44
Automotive,642.39,324.74,63.5,6,Q3,44
Raw Materials,237.68,145.18,18.5,24,Q1,23
Perishables,790.14,443.26,85.0,16,Q2,70
Apparel,437.14,240.41,103.7,20,Q3,86
Electronics,564.8,412.2,101.8,18,Q4,118
Apparel,820.8,369.94,75.0,5,Q4,68
Apparel,329.48,152.1,52.8,13,Q3,45
Raw Materials,635.45,432.36,16.8,8,Q4,14
Automotive,682.6,448.68,102.9,25,Q3,68
Perishables,568.66,257.49,61.4,21,Q2,53
Apparel,394.2,268.58,106.2,21,Q3,90
Apparel,616.1,375.33,118.0,23,Q4,129
Electronics,459.66,215.13,20.6,16,Q3,14
Automotive,140.16,66.22,67.5,14,Q1,61
Perishables,674.39,374.56,73.2,12,Q1,55
Raw Materials,78.53,45.24,102.9,19,Q2,110
Automotive,57.42,29.65,33.0,25,Q3,34
Perishables,621.52,288.35,31.1,15,Q1,23
Electronics,292.08,138.33,77.2,13,Q4,103
Apparel,425.23,308.14,107.5,22,Q4,129
Perishables,232.22,114.04,86.8,17,Q3,74
Electronics,947.49,702.08,87.6,12,Q3,65
Electronics,463.16,229.63,50.2,16,Q3,30
Electronics,815.82,382.3,72.9,21,Q2,45
Automotive,418.76,292.95,20.8,22,Q4,9
Perishables,336.89,222.41,28.6,26,Q3,22
Raw Materials,363.34,199.04,37.1,6,Q2,33
Automotive,794.68,427.53,99.4,16,Q1,63
Automotive,500.01,353.4,15.3,5,Q4,8
Automotive,788.37,577.8,53.2,26,Q2,39
Apparel,355.83,208.45,96.6,14,Q3,86
Electronics,895.78,667.58,66.4,23,Q4,56
Electronics,488.24,295.41,84.1,21,Q1,58
Raw Materials,418.69,249.48,35.6,10,Q1,32
Electronics,199.7,115.76,68.9,27,Q2,56
Electronics,714.86,476.22,104.7,8,Q1,71
Perishables,239.03,166.16,109.8,4,Q4,104
Perishables,894.39,430.92,73.5,14,Q3,52
Apparel,764.29,533.07,17.6,27,Q3,15
Raw Materials,40.59,19.84,20.6,20,Q4,20
Apparel,251.17,168.38,51.9,3,Q1,34
Perishables,76.45,50.66,112.1,10,Q3,104
Perishables,576.85,431.53,88.8,27,Q3,55
Electronics,680.72,319.56,56.8,20,Q2,40
Automotive,195.34,144.72,19.8,23,Q1,30
Electronics,466.18,241.45,20.3,23,Q4,24
Electronics,816.21,384.83,31.9,17,Q3,18
Raw Materials,699.38,501.12,34.9,27,Q3,30
Raw Materials,385.57,196.48,93.8,21,Q3,74
Automotive,656.43,380.9,112.4,25,Q2,91
Automotive,329.43,173.0,70.1,21,Q1,49
Electronics,342.31,226.56,113.0,10,Q4,125
Perishables,596.43,325.92,46.0,8,Q2,40
Perishables,349.19,214.16,89.2,19,Q3,84
Raw Materials,941.0,617.71,29.9,5,Q4,12
Automotive,942.44,553.87,34.5,14,Q4,23
Automotive,885.05,647.38,40.2,11,Q4,24
Apparel,446.51,267.7,64.5,26,Q2,56
Electronics,723.57,379.04,33.6,12,Q4,37
Electronics,46.26,31.75,41.2,23,Q3,44
Automotive,819.08,526.64,110.5,14,Q3,76
Electronics,704.04,329.44,60.1,23,Q1,37
Raw Materials,149.1,78.95,27.3,3,Q1,10
Raw Materials,707.83,396.62,27.2,26,Q1,17
Electronics,81.18,55.58,84.2,25,Q2,93
Automotive,550.13,257.02,101.8,10,Q1,71
Apparel,129.85,94.44,27.5,7,Q1,13
Perishables,581.31,307.13,84.2,21,Q4,77
Raw Materials,133.97,93.54,46.1,10,Q1,34
Electronics,68.92,35.52,51.5,26,Q3,41
Raw Materials,64.8,38.42,38.8,24,Q3,31
Automotive,366.88,184.52,23.0,19,Q3,21
Apparel,762.48,535.65,49.5,19,Q2,38
Apparel,805.23,550.48,29.7,17,Q3,19
Apparel,390.0,238.78,36.4,23,Q4,44
Automotive,892.77,586.07,31.9,8,Q4,36
Automotive,923.75,537.01,103.7,16,Q3,66
Perishables,743.95,548.13,23.1,5,Q3,16
Raw Materials,541.1,340.37,19.9,18,Q4,8
Perishables,915.66,564.75,58.4,6,Q2,58
Apparel,103.8,65.54,73.4,6,Q4,88
Apparel,686.2,494.95,67.8,10,Q3,50
Electronics,324.88,162.13,113.1,9,Q3,91
Perishables,123.15,80.73,86.1,20,Q1,64
Raw Materials,443.95,213.95,102.5,25,Q2,88
Automotive,808.23,488.81,47.4,11,Q4,35
Perishables,549.06,275.33,117.7,13,Q4,99
Perishables,354.68,194.6,61.3,8,Q1,41
Raw Materials,387.85,218.82,119.0,15,Q3,89
Perishables,894.06,621.95,108.1,21,Q1,56
Raw Materials,537.28,335.71,32.9,4,Q4,38
Automotive,116.56,73.67,99.5,25,Q1,79
Perishables,588.23,412.4,39.7,5,Q1,24
Automotive,883.08,551.14,37.4,24,Q4,26
Electronics,48.82,24.05,16.2,18,Q4,14
Automotive,575.4,362.9,15.7,9,Q2,7
Perishables,527.18,305.86,109.9,10,Q3,82
Raw Materials,427.77,214.01,38.3,19,Q1,28
Raw Materials,783.75,369.05,35.3,18,Q2,31
Automotive,643.14,314.38,91.4,7,Q3,69
Raw Materials,671.36,392.19,75.1,15,Q4,67
Apparel,175.82,117.72,57.8,6,Q4,71
Automotive,91.58,67.73,50.4,15,Q2,52
Apparel,353.78,229.54,46.2,17,Q3,33
Perishables,414.29,280.82,98.0,17,Q4,98
Automotive,81.22,44.92,52.8,13,Q2,54
Raw Materials,286.29,207.74,61.7,12,Q3,59
Electronics,501.45,280.12,95.6,23,Q3,86
Raw Materials,446.26,251.86,74.2,26,Q4,68
Perishables,293.83,208.99,96.8,23,Q2,109
Automotive,270.76,164.82,119.2,13,Q1,99
Automotive,588.25,350.89,28.2,21,Q4,28
Automotive,653.19,323.94,30.9,14,Q3,34
Automotive,563.58,350.14,30.1,8,Q4,35
Apparel,462.3,215.93,80.7,3,Q1,50
Apparel,591.46,292.87,26.9,13,Q4,33
Automotive,206.94,118.32,49.9,14,Q4,51
Electronics,275.32,204.19,59.8,4,Q4,71
Raw Materials,198.93,131.54,116.4,27,Q1,94
Raw Materials,553.17,331.85,72.4,12,Q1,57
Automotive,156.01,79.56,30.8,14,Q2,23
Apparel,859.24,440.23,102.9,3,Q4,105
Automotive,568.89,383.38,43.6,15,Q3,33
Perishables,580.05,432.21,86.9,8,Q1,62
Apparel,801.91,570.79,29.1,16,Q4,28
Raw Materials,631.31,453.89,82.7,22,Q4,76
Perishables,311.89,150.53,89.8,23,Q1,61
Apparel,911.44,528.89,73.1,11,Q3,51
Electronics,389.48,214.26,55.8,7,Q1,38
Raw Materials,127.95,89.17,117.6,17,Q3,98
Apparel,119.76,87.46,76.2,22,Q1,60
Electronics,406.46,222.84,77.2,8,Q4,78
Perishables,371.85,196.5,75.7,7,Q4,63
Raw Materials,427.6,193.1,96.9,15,Q1,73
Raw Materials,738.42,485.69,79.8,17,Q2,55
Automotive,516.44,343.6,76.5,25,Q4,65
Electronics,118.29,86.69,117.4,9,Q3,103
Automotive,309.06,145.33,67.3,4,Q4,67
Raw Materials,320.07,181.13,117.6,3,Q4,125
Perishables,866.04,390.61,88.7,14,Q2,82
Raw Materials,366.35,174.6,91.9,16,Q4,82
Raw Materials,400.3,209.41,47.3,16,Q4,52
Electronics,268.3,191.53,116.8,13,Q2,105
Electronics,500.4,350.99,26.2,19,Q2,29
Raw Materials,404.64,289.5,118.5,26,Q2,112
Raw Materials,401.22,246.1,113.8,27,Q2,91
Electronics,908.65,640.21,42.6,12,Q4,29
Raw Materials,310.6,217.8,19.0,4,Q4,27
Perishables,675.36,462.98,77.5,9,Q1,45
Raw Materials,112.15,65.07,30.6,16,Q4,26
Raw Materials,839.68,489.11,79.5,6,Q3,64
Perishables,760.18,361.29,97.3,6,Q1,63
Apparel,153.15,74.66,49.2,25,Q2,49
Apparel,49.55,23.86,100.0,12,Q2,83
Perishables,351.08,171.27,100.5,14,Q1,63
Automotive,626.0,397.96,28.3,24,Q3,27
Perishables,457.99,240.15,102.7,3,Q3,89
Automotive,280.67,168.1,73.2,26,Q4,75
Automotive,753.81,430.0,41.0,25,Q3,44
Raw Materials,53.04,32.17,101.1,15,Q1,89
Apparel,734.96,435.82,72.0,12,Q2,53
Perishables,207.86,143.28,77.8,17,Q4,74
Apparel,906.7,439.69,103.1,10,Q4,95
Perishables,104.75,60.53,119.4,15,Q1,97
Raw Materials,274.87,196.79,25.3,9,Q2,7
Automotive,900.83,448.03,62.4,26,Q2,51
Raw Materials,935.47,478.08,69.4,16,Q1,47
Electronics,169.73,107.84,45.0,16,Q3,48
Raw Materials,194.58,142.7,58.1,26,Q3,65
Raw Materials,345.19,240.55,19.3,4,Q2,11
Apparel,255.6,184.27,79.8,24,Q2,76
Automotive,342.11,176.36,44.5,15,Q1,45
Perishables,807.82,527.12,116.0,16,Q1,69
Perishables,713.11,403.85,98.9,26,Q2,86
Raw Materials,705.09,439.98,102.4,3,Q3,75
Apparel,602.94,349.36,29.2,24,Q4,43
Perishables,400.36,284.3,91.7,14,Q2,107
Perishables,677.66,388.5,77.3,15,Q3,52
Electronics,636.87,439.67,38.6,15,Q4,48
Raw Materials,676.4,440.22,74.6,23,Q3,54
Apparel,708.87,401.91,61.3,15,Q4,59
Electronics,671.56,466.85,58.6,20,Q3,36
Electronics,260.75,188.42,76.4,13,Q4,95
Electronics,123.19,69.27,53.0,19,Q4,62
Apparel,270.79,150.93,17.4,27,Q4,22
Automotive,610.54,309.84,93.7,27,Q3,68
Electronics,560.63,390.07,34.0,4,Q4,32
Apparel,580.59,332.74,79.6,8,Q4,80
Perishables,119.89,83.74,37.5,27,Q4,30
Electronics,321.01,212.49,17.1,19,Q3,24
Electronics,846.42,518.38,99.8,22,Q3,74
Automotive,709.69,487.89,107.4,11,Q4,91
Electronics,165.24,123.89,29.5,7,Q1,21
Apparel,257.55,134.59,68.8,22,Q2,54
Raw Materials,230.82,105.49,23.8,9,Q1,24
Electronics,178.22,116.1,28.7,25,Q2,22
Electronics,703.67,406.36,91.2,12,Q3,65
Raw Materials,718.15,488.58,70.0,21,Q2,42
Electronics,376.91,197.73,95.3,25,Q2,74
Electronics,861.96,577.32,41.1,21,Q4,32
Raw Materials,481.94,282.52,105.2,15,Q3,84
Automotive,899.97,490.7,20.6,27,Q2,19
Perishables,504.62,360.31,21.7,4,Q3,17
Perishables,778.87,363.17,105.1,24,Q1,68
Apparel,681.59,359.47,82.9,26,Q3,63
Perishables,913.12,625.2,55.3,9,Q1,33
Perishables,801.16,468.94,57.2,20,Q1,50
Perishables,761.69,347.05,89.5,5,Q2,85
Perishables,803.36,440.8,46.9,19,Q4,36
Automotive,82.95,38.29,105.6,17,Q3,97
Perishables,612.96,300.94,96.4,4,Q4,83
Automotive,375.91,241.65,33.0,27,Q2,29
Apparel,70.27,50.14,29.5,27,Q4,35
Apparel,643.46,367.67,59.3,22,Q1,25
Perishables,854.5,422.15,29.4,19,Q4,28
Apparel,641.33,337.4,119.6,19,Q1,74
Apparel,877.83,567.51,74.9,11,Q1,36
Electronics,543.98,324.27,92.9,24,Q3,73
Apparel,149.53,109.12,90.9,20,Q3,80
Raw Materials,260.38,189.58,90.5,3,Q1,69
Raw Materials,875.24,628.06,20.7,4,Q2,19
Automotive,451.5,238.52,85.9,13,Q2,64
Electronics,823.92,403.87,18.3,21,Q2,14
Automotive,938.08,491.2,97.2,24,Q4,73
Electronics,820.35,591.3,71.1,23,Q1,47
Raw Materials,793.05,594.64,114.9,3,Q1,68
Perishables,429.62,314.3,53.1,5,Q1,26
Automotive,804.4,521.41,46.3,20,Q1,28
Electronics,808.33,384.16,81.7,5,Q3,59
Apparel,822.28,575.07,16.4,24,Q4,8
Raw Materials,740.19,347.57,16.5,13,Q3,11
Raw Materials,302.96,192.95,94.2,6,Q4,94
Perishables,677.85,468.88,67.9,19,Q2,59
Electronics,181.75,106.49,98.3,8,Q2,102
Apparel,209.22,97.24,115.3,15,Q4,149
Perishables,902.48,638.63,102.1,25,Q4,81
Apparel,351.76,197.58,81.5,25,Q1,62
Automotive,880.91,443.89,85.5,16,Q2,65
Automotive,175.14,100.02,73.0,6,Q4,73
Automotive,553.6,260.25,88.1,18,Q3,69
Perishables,688.53,476.5,64.6,20,Q3,57
Automotive,327.65,240.26,52.8,7,Q1,33
Electronics,113.33,79.99,72.1,26,Q4,87
Electronics,351.98,252.22,116.4,20,Q4,138
Automotive,714.83,418.89,44.6,25,Q2,25
Raw Materials,874.01,569.54,108.5,11,Q1,66
Raw Materials,906.38,479.13,75.8,26,Q4,48
Perishables,119.27,72.01,116.0,16,Q2,138
Apparel,213.21,101.24,74.7,21,Q1,48
Perishables,434.66,215.36,118.5,5,Q4,107
Apparel,587.26,380.68,99.5,6,Q1,65
Electronics,405.71,222.28,93.6,10,Q4,119
Raw Materials,209.64,110.1,26.8,13,Q2,31
Apparel,386.24,277.38,90.1,6,Q3,73
Automotive,428.67,260.4,116.0,14,Q1,78
Automotive,646.73,385.91,15.1,18,Q2,16
Automotive,929.33,629.43,55.7,25,Q4,35
Perishables,894.23,538.59,95.8,10,Q4,75
Perishables,350.89,194.91,67.2,8,Q4,63
Perishables,598.86,390.61,64.7,10,Q4,52
Perishables,349.4,170.9,23.8,13,Q3,19
Perishables,190.6,102.55,27.5,7,Q3,27
Apparel,300.69,178.78,48.8,10,Q3,46
Apparel,436.21,202.43,88.1,16,Q2,76
Raw Materials,124.37,73.42,91.2,12,Q1,77
Electronics,553.62,315.47,89.3,15,Q1,65
Electronics,922.54,490.52,27.7,4,Q2,11
Perishables,483.36,358.93,66.4,14,Q4,63
Automotive,344.34,204.61,100.4,12,Q4,109
Automotive,291.85,170.01,22.3,20,Q4,17
Electronics,338.37,178.95,105.6,24,Q2,97
Automotive,85.19,47.96,65.9,8,Q2,62
Apparel,511.39,289.32,65.8,9,Q3,58
Raw Materials,802.1,543.87,68.0,12,Q4,59
Automotive,96.37,55.6,98.2,13,Q1,87
Automotive,131.51,83.12,62.2,22,Q2,58
Apparel,559.53,363.84,79.8,26,Q2,60
Raw Materials,943.87,461.96,69.2,6,Q1,38
Electronics,299.54,167.97,45.5,7,Q2,36
Electronics,127.03,79.3,66.0,27,Q1,59
Apparel,189.79,138.7,51.0,21,Q2,42
Raw Materials,864.67,455.66,54.6,20,Q2,39
Raw Materials,112.54,61.34,51.3,26,Q3,58
Apparel,528.98,366.27,80.5,22,Q1,59
Automotive,808.92,491.1,94.8,9,Q4,81
Raw Materials,728.37,442.67,88.1,13,Q1,47
Apparel,945.91,581.66,30.5,15,Q3,18
Perishables,225.22,116.95,103.1,6,Q3,98
Apparel,329.29,246.1,46.7,7,Q1,35
Raw Materials,393.06,196.97,117.6,7,Q2,97
Apparel,445.2,268.71,25.4,16,Q2,16
Electronics,736.44,346.99,18.4,12,Q3,6
Apparel,403.2,273.1,47.0,12,Q4,48
Automotive,769.67,476.92,34.0,23,Q3,14
Electronics,336.86,176.23,66.4,6,Q3,68
Automotive,881.12,599.94,64.8,4,Q3,43
Automotive,147.6,68.46,76.2,26,Q2,79
Raw Materials,678.0,424.96,41.9,9,Q1,23
Perishables,508.19,250.51,90.3,19,Q4,93
Perishables,455.77,276.86,64.9,14,Q3,56
Electronics,115.73,56.84,59.8,25,Q4,64
Raw Materials,225.64,113.28,21.5,23,Q3,27
Raw Materials,323.36,203.55,64.3,19,Q1,55
Raw Materials,311.05,160.5,36.1,15,Q1,36
Raw Materials,108.52,69.16,51.0,4,Q2,37
Apparel,449.72,302.92,69.8,21,Q1,47
Raw Materials,914.89,511.63,23.3,23,Q1,10
Raw Materials,591.37,367.53,97.3,21,Q1,68
Apparel,733.32,353.47,71.2,13,Q2,54
Electronics,853.48,554.13,114.3,23,Q4,100
Raw Materials,452.07,301.26,30.0,7,Q2,27
Perishables,408.52,183.98,101.2,5,Q3,86
Electronics,447.27,237.5,68.6,15,Q3,57
Perishables,275.43,177.88,15.6,11,Q2,24
Perishables,903.02,652.52,115.9,12,Q4,100
Perishables,707.18,319.2,115.4,23,Q3,90
Electronics,843.18,607.85,117.6,6,Q1,71
Apparel,508.8,230.44,29.0,14,Q2,23
Perishables,195.12,123.83,18.0,17,Q1,13
Apparel,507.62,259.4,100.0,15,Q1,79
Apparel,244.19,146.18,30.1,17,Q4,38
Automotive,808.77,587.26,83.7,20,Q1,65
Apparel,262.17,161.23,54.1,4,Q2,46
Electronics,829.02,561.09,115.6,21,Q1,67
Raw Materials,668.01,333.18,108.3,27,Q2,95
Raw Materials,249.59,179.23,55.6,17,Q1,44
Electronics,83.6,38.91,35.2,14,Q2,34
Automotive,444.69,256.6,40.4,19,Q2,43
Electronics,691.55,392.66,67.1,25,Q2,52
Automotive,293.22,185.13,18.2,17,Q2,12
Apparel,458.9,314.22,86.1,24,Q3,80
Automotive,154.34,102.34,43.5,19,Q3,32
Apparel,697.39,521.5,53.5,15,Q4,46
Apparel,101.91,66.75,68.1,26,Q4,76
Apparel,821.07,407.7,87.2,8,Q4,89
Automotive,48.94,30.7,33.5,22,Q3,25
Automotive,444.21,314.89,45.9,5,Q2,40
Apparel,872.74,613.62,60.3,10,Q4,52
Apparel,41.89,28.14,90.8,13,Q1,87
Automotive,444.61,329.85,66.7,15,Q2,62
Electronics,153.4,85.02,42.1,4,Q1,23
Apparel,829.61,446.09,96.5,16,Q2,72
Raw Materials,143.71,80.02,75.6,10,Q4,84
Apparel,71.28,39.8,105.9,23,Q3,99
Automotive,281.25,174.49,98.5,14,Q1,77
Automotive,838.19,495.82,43.1,11,Q1,21
Raw Materials,829.88,416.22,82.5,26,Q2,56
Apparel,161.52,102.4,116.8,4,Q4,146
Automotive,501.37,289.97,82.1,24,Q3,60
Apparel,886.91,658.63,91.2,13,Q1,40
Automotive,99.4,50.04,107.3,20,Q3,105
Electronics,869.75,537.74,37.3,5,Q2,21
Automotive,98.46,56.34,20.8,12,Q2,28
Automotive,290.4,183.13,21.9,23,Q2,18
Electronics,932.75,514.37,84.5,23,Q2,56
Apparel,153.98,85.2,16.3,3,Q3,14
Raw Materials,691.32,316.74,63.2,18,Q1,43
Automotive,262.64,163.78,113.5,16,Q4,117
Electronics,541.02,374.52,41.7,23,Q2,37
Raw Materials,507.76,288.55,51.0,20,Q4,50
Electronics,123.13,64.4,34.6,24,Q4,42
Electronics,804.72,599.31,75.1,18,Q2,47
Apparel,337.33,217.62,116.5,26,Q1,92
Raw Materials,691.21,375.96,36.6,12,Q4,39
Electronics,154.76,110.04,94.7,27,Q3,90
Raw Materials,352.4,229.57,75.8,8,Q2,69
Apparel,751.13,404.87,100.0,25,Q2,78
Raw Materials,622.81,408.41,18.5,3,Q1,15
Electronics,191.52,102.72,37.9,13,Q4,53
Electronics,53.33,25.26,67.6,26,Q4,89
Perishables,627.79,426.99,75.3,18,Q2,83
Perishables,869.59,410.09,118.3,15,Q2,108
Automotive,308.28,198.42,102.5,25,Q3,90
Automotive,218.97,102.0,110.2,4,Q3,104
Raw Materials,536.56,292.32,46.7,15,Q4,47
Automotive,507.07,363.99,28.7,21,Q3,12
Apparel,219.44,158.15,24.1,6,Q4,27
Electronics,372.97,254.06,86.7,6,Q3,82
Apparel,75.5,46.3,68.6,18,Q3,69
Perishables,663.94,452.89,108.1,17,Q2,99
Perishables,243.49,120.01,55.2,20,Q4,46
Raw Materials,322.44,168.11,62.2,12,Q3,55
Electronics,907.08,615.18,41.5,19,Q4,36
Apparel,616.19,328.85,48.2,17,Q2,41
Apparel,659.31,435.23,30.3,20,Q4,36
Raw Materials,785.91,353.81,23.1,8,Q3,17
Electronics,918.56,436.55,95.9,14,Q1,52
Raw Materials,751.37,517.6,50.9,11,Q2,36
Perishables,613.01,383.23,110.1,15,Q3,84
Apparel,170.7,94.33,97.6,14,Q4,129
Automotive,318.36,192.63,89.4,12,Q4,87
Perishables,946.56,575.17,60.4,26,Q3,51
Raw Materials,581.83,281.62,90.1,19,Q3,65
Apparel,610.36,452.5,106.7,14,Q3,95
Automotive,354.19,247.29,107.6,10,Q3,93
Perishables,47.84,35.6,69.4,21,Q2,91
Apparel,424.64,227.01,107.2,21,Q1,82
Automotive,201.87,130.1,80.9,12,Q1,60
Electronics,418.22,281.26,18.1,15,Q3,11
Automotive,90.71,43.22,119.5,15,Q2,98
Electronics,158.91,105.31,99.1,8,Q2,98
Electronics,462.18,312.55,102.3,8,Q2,95
Automotive,525.08,294.33,109.4,24,Q4,94
Apparel,457.42,318.14,38.1,25,Q3,30
Raw Materials,409.76,193.42,112.9,21,Q3,92
Perishables,646.43,429.47,90.1,19,Q2,88
Electronics,199.05,110.59,45.4,13,Q4,61
Apparel,852.15,619.01,17.6,4,Q4,23
Perishables,525.31,237.02,103.8,16,Q4,90
Automotive,881.81,564.5,116.4,19,Q4,80
Perishables,348.04,260.29,105.1,8,Q4,101
Electronics,68.68,49.0,47.4,24,Q1,38
Apparel,777.95,490.03,29.6,12,Q3,21
Apparel,651.84,354.11,37.6,22,Q3,38
Raw Materials,237.56,139.54,104.3,25,Q1,69
Electronics,288.92,182.05,115.8,21,Q3,111
Perishables,170.19,126.92,16.5,11,Q2,25
Apparel,907.52,434.74,67.4,22,Q2,50
Raw Materials,662.84,397.06,49.0,8,Q3,31
Apparel,233.86,132.76,116.0,27,Q4,147
Apparel,572.29,383.51,99.4,27,Q3,84
Apparel,454.01,237.88,69.7,10,Q4,80
Raw Materials,781.66,525.12,104.6,15,Q3,76
Raw Materials,157.3,84.0,80.4,20,Q3,76
Automotive,674.05,485.99,39.7,7,Q1,30
Automotive,828.6,473.9,59.9,25,Q4,51
Automotive,677.32,353.79,76.0,16,Q1,53
Apparel,398.71,197.58,50.8,9,Q2,44
Electronics,797.07,501.31,113.1,3,Q2,74
Perishables,590.16,349.18,26.2,27,Q2,28
Apparel,136.7,70.6,18.7,19,Q4,21
Raw Materials,311.63,170.86,54.6,13,Q1,45
Electronics,492.74,328.76,36.6,27,Q4,34
Raw Materials,746.04,483.72,114.3,3,Q1,77
Automotive,570.92,348.95,35.8,27,Q2,31
Perishables,864.38,615.45,69.5,19,Q4,51
Automotive,218.34,101.94,92.1,24,Q3,85
Automotive,872.37,525.11,118.9,5,Q4,97
Automotive,520.54,358.85,55.3,5,Q3,49
Raw Materials,702.06,502.29,44.9,17,Q1,32
Apparel,728.24,428.28,16.9,14,Q3,21
Perishables,769.66,469.56,118.0,26,Q4,102
Apparel,147.39,77.09,17.9,20,Q2,20
Raw Materials,531.6,390.67,68.1,16,Q3,56
Electronics,716.45,381.87,84.9,21,Q1,52
Automotive,704.23,340.41,62.3,16,Q1,35
Perishables,555.53,308.4,20.5,20,Q3,11
Automotive,845.86,631.85,32.9,14,Q1,11
Automotive,330.12,188.81,67.4,19,Q2,63
Perishables,121.74,81.92,88.2,26,Q4,96
Automotive,949.86,711.77,31.4,24,Q1,18
Apparel,877.24,486.8,95.6,5,Q2,70
Raw Materials,480.16,314.66,86.6,26,Q2,71
Perishables,887.81,637.94,31.1,4,Q3,16
Automotive,177.78,90.75,35.0,10,Q2,29
Apparel,150.45,68.34,52.3,20,Q1,41
Raw Materials,43.6,26.15,54.8,17,Q4,56
Perishables,395.53,217.64,25.0,9,Q2,21
Perishables,713.86,373.29,32.8,20,Q1,25
Raw Materials,546.72,263.76,50.4,17,Q4,50
Automotive,404.3,236.53,85.7,23,Q2,71
Perishables,213.42,130.49,67.6,18,Q2,76
Perishables,350.26,168.18,112.5,4,Q2,131
Raw Materials,633.98,426.86,103.6,3,Q4,88
Apparel,552.02,287.79,55.3,13,Q2,51
Electronics,117.48,77.43,55.9,25,Q3,54
Apparel,943.29,509.85,51.8,5,Q3,29
Perishables,679.91,505.51,96.7,5,Q2,102
Apparel,382.33,244.62,99.9,17,Q1,73
Apparel,292.55,137.49,75.6,15,Q1,64
Apparel,66.66,37.64,52.8,27,Q4,65
Automotive,648.49,425.0,64.0,13,Q1,41
Electronics,74.19,39.68,43.1,24,Q1,40
Electronics,212.84,130.21,41.0,14,Q1,27
Raw Materials,632.38,317.86,101.7,6,Q3,89
Perishables,199.55,149.06,96.5,25,Q2,116
Automotive,531.9,325.81,47.7,15,Q3,38
Electronics,532.85,299.02,76.1,20,Q3,58
Electronics,795.48,438.15,35.2,11,Q4,36
Raw Materials,668.06,371.65,63.3,17,Q2,54
Perishables,942.57,631.68,74.3,25,Q2,71
Electronics,670.99,303.83,74.0,18,Q3,62
Raw Materials,819.82,446.59,106.7,20,Q1,67
Apparel,312.32,164.14,36.5,14,Q3,45
Electronics,154.31,101.34,55.5,18,Q1,49
Automotive,847.57,600.77,42.5,4,Q2,34
Electronics,182.78,85.13,97.4,10,Q2,100
Perishables,269.45,162.41,96.3,23,Q3,91
Raw Materials,542.96,388.53,89.3,18,Q2,73
Automotive,949.52,534.85,21.7,3,Q2,12
Raw Materials,805.4,363.19,18.4,19,Q3,5
Raw Materials,356.03,238.7,107.7,14,Q3,105
Automotive,482.94,260.45,71.5,15,Q3,54
Perishables,629.24,289.02,112.1,17,Q1,79
Electronics,146.53,86.68,91.4,23,Q3,100
Perishables,923.1,661.2,114.8,18,Q4,85
Perishables,426.18,228.26,21.9,14,Q3,10
Raw Materials,443.77,214.17,17.7,25,Q3,12
Automotive,750.23,517.39,118.3,3,Q4,101
Electronics,294.2,189.86,20.5,7,Q4,28
Electronics,809.41,413.02,93.5,15,Q3,64
Automotive,913.4,499.77,119.8,7,Q4,87
Raw Materials,800.07,512.36,105.1,15,Q1,70
Apparel,95.82,51.33,34.8,6,Q1,21
Electronics,920.27,616.05,117.8,9,Q1,70
Automotive,716.68,376.2,69.8,3,Q4,75
Electronics,47.73,24.9,44.9,16,Q1,31
Apparel,212.84,107.35,73.8,23,Q1,54
Electronics,720.24,421.39,23.2,3,Q4,25
Raw Materials,382.37,180.6,107.6,5,Q1,80
Automotive,713.0,516.22,61.0,20,Q1,35
Automotive,267.4,171.97,46.7,16,Q3,42
Perishables,817.5,429.43,110.5,18,Q4,89
Electronics,446.18,260.92,53.4,25,Q3,44
Electronics,516.19,369.06,101.0,13,Q4,111
Perishables,735.33,496.83,85.6,8,Q2,83
Electronics,221.7,141.58,91.2,10,Q4,126
Perishables,532.15,268.47,45.0,6,Q2,48
Perishables,354.55,186.85,58.3,9,Q4,61
Electronics,621.83,403.32,41.9,25,Q2,33
Raw Materials,656.69,447.85,66.9,13,Q3,52
Apparel,857.72,412.67,108.7,17,Q2,72
Automotive,438.6,275.17,40.1,4,Q2,27
Automotive,703.77,409.65,61.4,26,Q2,47
Apparel,719.27,346.65,22.6,26,Q4,19
Electronics,628.19,306.56,21.6,13,Q3,19
Apparel,592.8,351.56,73.3,24,Q4,82
Perishables,826.61,543.24,70.6,7,Q2,61
Automotive,360.06,211.34,98.9,22,Q2,91
Automotive,714.2,393.84,79.1,26,Q2,53
Automotive,317.12,235.47,54.8,9,Q1,48
Electronics,886.23,519.75,38.9,6,Q1,21
Raw Materials,493.36,305.09,101.5,20,Q3,78
Apparel,578.08,279.76,101.9,9,Q1,74
Apparel,582.42,421.15,24.4,10,Q1,16
Raw Materials,243.48,114.43,31.3,26,Q1,31
Raw Materials,685.01,477.2,113.5,26,Q1,78
Perishables,824.28,500.23,107.6,3,Q1,70
Raw Materials,720.31,324.19,45.2,7,Q2,49
Raw Materials,449.12,224.08,111.1,25,Q1,83
Raw Materials,97.5,55.63,21.8,8,Q2,18
Apparel,831.72,465.07,78.4,24,Q3,61
Automotive,53.67,35.22,20.7,12,Q2,29
Raw Materials,289.71,182.52,113.6,25,Q4,100
Electronics,541.0,271.71,28.1,24,Q1,17
Electronics,271.74,122.43,25.3,15,Q1,7
Automotive,91.96,65.92,53.3,12,Q1,52
Electronics,427.95,278.12,96.3,20,Q2,80
Electronics,646.54,328.27,28.7,4,Q4,34
Perishables,685.9,415.2,112.9,12,Q2,109
Automotive,778.11,537.54,28.1,12,Q1,21
Apparel,392.74,256.47,109.9,12,Q2,94
Perishables,373.64,210.83,45.3,23,Q4,35
Apparel,405.14,199.93,112.8,17,Q1,69
Perishables,750.97,558.86,92.2,13,Q1,60
Automotive,245.8,119.99,70.9,12,Q3,69
Apparel,326.61,214.93,115.6,11,Q3,112
Automotive,818.89,507.38,34.0,4,Q2,21
Automotive,281.68,146.43,22.9,11,Q4,26
Perishables,892.36,640.82,30.7,19,Q2,26
Perishables,459.13,220.28,102.7,20,Q2,114
Automotive,145.02,73.89,59.3,20,Q3,56
Apparel,221.61,163.7,42.6,5,Q3,31
Perishables,383.23,183.57,117.7,14,Q3,97
Raw Materials,235.98,156.32,94.3,13,Q4,96
Raw Materials,828.08,578.29,74.4,22,Q4,63
Perishables,76.0,47.81,44.6,14,Q4,39
Apparel,505.55,355.06,114.5,26,Q1,87
Apparel,328.71,170.96,94.5,12,Q1,73
Apparel,44.29,32.25,95.1,3,Q2,95
Apparel,686.91,314.6,94.0,18,Q4,103
Perishables,656.34,353.91,68.4,13,Q2,66
Electronics,921.76,433.3,46.3,20,Q2,35
Apparel,641.03,390.23,22.9,22,Q4,26
Electronics,537.42,332.76,52.1,27,Q4,62
Electronics,806.71,531.65,19.2,25,Q4,19
Apparel,901.68,611.15,87.9,24,Q2,62
Electronics,454.62,244.71,80.3,9,Q3,72
Electronics,209.96,105.11,87.5,9,Q4,113
Apparel,132.16,72.32,41.3,7,Q2,25
Electronics,294.5,203.96,17.2,25,Q4,19
Perishables,853.71,581.84,100.8,6,Q3,71
Perishables,761.32,433.09,23.0,15,Q4,18
Raw Materials,48.57,24.64,76.5,6,Q1,64
Apparel,445.61,222.43,119.7,20,Q4,149
Raw Materials,577.64,345.59,30.8,11,Q2,27
Electronics,666.28,342.8,36.5,16,Q1,31
Electronics,886.18,536.02,63.7,24,Q4,59
Electronics,454.16,264.88,114.0,27,Q2,93
Apparel,159.22,90.71,55.8,21,Q2,42
Perishables,881.29,523.03,60.4,10,Q4,45
Raw Materials,433.82,262.35,16.9,21,Q4,16
Perishables,602.91,396.14,119.4,11,Q1,82
Electronics,79.28,52.1,102.7,7,Q2,103
Electronics,920.64,601.67,115.7,16,Q2,76
Automotive,644.33,381.18,91.0,9,Q1,54
Perishables,411.32,284.88,97.7,22,Q4,96
Apparel,151.46,89.33,76.3,26,Q2,83
Electronics,104.12,69.4,114.2,20,Q3,110
Automotive,875.16,604.53,92.3,9,Q2,70
Perishables,637.14,387.7,19.9,22,Q1,19
Apparel,110.2,72.53,25.9,21,Q3,29
Apparel,850.1,568.63,68.4,16,Q2,37
Apparel,710.73,518.1,81.1,20,Q3,59
Perishables,687.12,504.63,28.9,26,Q2,22
Apparel,784.24,506.72,93.7,23,Q3,64
Automotive,915.32,507.29,37.1,20,Q2,23
Raw Materials,247.57,117.18,33.5,17,Q1,21
Electronics,271.84,129.3,94.5,27,Q1,75
Raw Materials,159.28,82.85,42.8,10,Q3,37
Automotive,836.24,606.42,113.1,19,Q2,64
Perishables,388.68,198.85,109.8,26,Q3,92
Apparel,503.29,355.21,25.9,6,Q1,20
Perishables,539.26,246.97,28.8,15,Q1,20
Automotive,854.53,391.7,72.4,11,Q1,43
Electronics,442.58,325.82,108.2,11,Q4,128
Raw Materials,169.97,91.99,84.5,16,Q3,80
Perishables,791.17,580.08,105.6,9,Q2,95
Electronics,779.3,384.96,102.5,3,Q2,74
Electronics,85.96,63.34,112.1,18,Q1,96
Perishables,336.46,169.88,15.0,8,Q4,12
Perishables,391.48,236.66,109.0,17,Q2,119
Raw Materials,152.19,107.41,60.2,12,Q2,52
Apparel,730.13,414.86,20.3,8,Q1,24
Perishables,841.71,498.09,67.9,11,Q1,29
Electronics,98.47,54.86,117.7,12,Q1,100
Perishables,483.6,309.87,99.2,4,Q1,60
Electronics,649.67,473.23,102.5,20,Q1,65
Automotive,758.25,561.59,61.4,16,Q1,33
Apparel,925.09,525.41,61.5,4,Q4,48
Electronics,263.86,155.78,57.3,27,Q3,56
Perishables,129.05,74.48,34.8,11,Q3,28
Apparel,113.44,51.3,20.2,18,Q3,19
Electronics,506.44,339.15,80.1,11,Q1,49
Perishables,747.37,435.71,19.4,16,Q4,17
Electronics,900.65,622.23,43.3,26,Q4,37
Raw Materials,394.98,273.18,54.2,10,Q1,40
Perishables,653.51,365.98,59.4,13,Q1,46
Electronics,279.35,195.8,41.4,22,Q3,36
Automotive,805.62,464.09,49.2,20,Q1,25
Perishables,300.5,187.17,100.1,18,Q3,99
Perishables,157.01,116.89,41.2,13,Q2,51
Electronics,668.46,386.56,68.0,24,Q3,56
Automotive,342.79,249.77,59.5,9,Q3,46
Apparel,271.27,136.3,87.2,23,Q3,73
Raw Materials,145.72,82.35,87.5,17,Q2,79
Raw Materials,418.36,254.88,70.4,6,Q4,73
Automotive,236.67,164.48,103.5,14,Q3,87
Apparel,823.34,616.16,28.4,6,Q2,18
Automotive,626.73,406.18,103.4,5,Q1,78
Raw Materials,632.25,452.14,108.7,23,Q2,89
Electronics,125.53,83.2,57.5,5,Q1,37
Perishables,946.63,469.85,111.0,19,Q2,95
Electronics,799.33,399.74,50.1,9,Q1,36
Apparel,74.91,36.61,76.2,27,Q1,75
Automotive,535.21,400.12,20.7,20,Q1,14
Raw Materials,113.76,60.87,86.3,15,Q1,73
Raw Materials,823.61,598.35,67.9,9,Q1,46
Raw Materials,906.93,570.05,102.5,6,Q1,66
Automotive,901.2,563.7,107.8,24,Q1,60
Electronics,209.2,142.82,17.4,15,Q3,15
Raw Materials,539.83,283.68,20.9,11,Q3,26
Automotive,500.29,291.11,112.8,26,Q1,88
Electronics,622.84,418.65,27.5,23,Q3,32
Perishables,455.1,274.11,97.8,23,Q4,93
Electronics,214.6,157.01,58.9,16,Q1,48
Automotive,914.81,560.15,41.5,27,Q2,23
Automotive,412.12,227.25,70.7,10,Q1,53
Apparel,654.84,384.54,70.5,6,Q2,46
Apparel,853.63,404.65,101.2,27,Q2,79
Automotive,374.12,219.73,89.2,16,Q4,95
Perishables,682.0,374.06,90.6,23,Q1,63
Electronics,682.15,411.49,58.8,15,Q2,47
Raw Materials,214.73,106.94,109.0,18,Q2,108
Electronics,941.1,646.7,39.3,5,Q2,32
Automotive,755.74,495.94,48.6,17,Q1,23
Electronics,232.2,152.33,109.7,18,Q2,97
Apparel,331.69,174.69,34.9,27,Q4,41
Apparel,123.96,65.84,68.9,3,Q2,60
Automotive,860.07,451.36,19.3,6,Q4,12
Automotive,846.6,422.14,19.6,5,Q2,19
Apparel,342.75,211.99,32.3,7,Q4,39
Electronics,508.26,350.68,87.0,11,Q4,102
Raw Materials,140.26,74.84,82.4,11,Q3,83
Apparel,312.1,204.43,44.1,8,Q4,57
Apparel,351.52,182.46,48.8,15,Q4,61
Perishables,937.56,558.99,93.7,12,Q1,48
Perishables,196.93,113.45,65.7,17,Q1,46
Automotive,719.97,472.66,90.5,8,Q1,61
Electronics,657.09,411.12,51.1,18,Q4,44
Apparel,946.98,496.94,52.3,25,Q4,44
Raw Materials,476.36,355.01,18.5,11,Q2,22
Raw Materials,294.32,169.36,30.2,7,Q2,26
Apparel,89.76,56.35,15.6,3,Q2,19
Apparel,884.79,649.05,59.6,25,Q3,50
Raw Materials,913.23,579.4,24.2,4,Q2,15
Apparel,872.3,599.62,23.3,10,Q4,17
Perishables,461.69,263.24,19.9,27,Q1,16
Automotive,878.49,624.97,87.3,14,Q1,52
Automotive,721.02,484.09,108.6,20,Q4,96
Apparel,396.3,212.42,118.2,27,Q2,97
Electronics,629.71,408.29,89.4,24,Q1,51
Apparel,335.24,217.82,93.7,25,Q1,70
Apparel,888.7,497.9,107.3,6,Q4,102
Perishables,815.71,489.35,76.0,23,Q3,59
Electronics,40.65,19.06,86.5,25,Q3,86
Electronics,74.42,53.07,85.4,11,Q3,87
Raw Materials,808.41,548.29,20.9,9,Q4,19
Automotive,432.67,294.66,76.6,7,Q2,53
Electronics,532.3,285.0,62.4,24,Q2,56
Raw Materials,899.13,583.73,56.2,27,Q4,41
Raw Materials,72.55,42.91,62.8,17,Q1,44
Electronics,468.69,293.7,61.1,5,Q3,53
Apparel,599.23,299.83,18.5,18,Q1,7
Raw Materials,147.71,82.17,98.0,9,Q4,95
Automotive,413.58,281.48,107.6,11,Q3,92
Automotive,303.79,226.52,80.9,26,Q2,65
Automotive,354.7,227.95,78.0,9,Q4,72
Perishables,721.73,470.11,71.2,19,Q2,67
Raw Materials,393.66,246.11,24.9,13,Q4,21
Raw Materials,553.42,333.02,37.1,5,Q3,30
Electronics,498.25,253.86,89.3,22,Q3,78
Raw Materials,855.82,389.57,42.1,14,Q4,22
Perishables,284.9,145.03,19.7,14,Q1,9
Electronics,778.09,563.12,107.5,18,Q2,76
Electronics,594.22,308.58,64.6,25,Q1,53
Raw Materials,138.35,85.66,23.4,24,Q3,28
Automotive,825.78,427.95,25.0,3,Q4,11
Apparel,334.96,153.0,42.6,17,Q3,35
Apparel,367.0,222.91,74.1,25,Q2,60
Electronics,230.68,162.97,29.8,26,Q2,20
Perishables,97.57,55.53,97.4,26,Q2,125
Automotive,840.74,378.4,19.1,13,Q3,5
Raw Materials,857.09,609.77,43.9,25,Q2,34
Apparel,422.51,203.42,42.2,21,Q3,36
Apparel,360.34,225.84,91.8,11,Q3,86
Apparel,232.02,126.1,47.5,10,Q4,63
Perishables,310.88,171.63,87.1,11,Q1,70
Raw Materials,593.81,345.62,43.7,4,Q4,33
Automotive,135.08,72.12,51.3,12,Q1,35
Automotive,132.78,83.46,94.4,22,Q1,78
Automotive,803.86,494.82,56.9,15,Q4,41
Automotive,770.97,515.32,108.9,14,Q2,76
Automotive,413.56,281.62,37.4,16,Q4,28
Apparel,746.67,375.95,52.1,13,Q2,46
Electronics,762.89,549.52,43.3,20,Q2,29
Automotive,525.47,385.78,43.2,3,Q2,40
Perishables,469.16,251.8,28.4,24,Q1,24
Electronics,913.84,495.35,96.2,15,Q3,59
Electronics,338.27,166.42,42.0,6,Q2,32
Perishables,893.63,629.17,65.5,4,Q1,36
Automotive,158.21,84.7,87.0,4,Q3,85
Electronics,267.46,151.69,71.0,17,Q2,52
Electronics,747.69,395.05,86.7,11,Q4,87
Perishables,905.05,480.67,39.1,12,Q2,33
Apparel,928.23,547.94,23.7,5,Q1,20
Raw Materials,441.09,253.44,99.8,13,Q4,90
Raw Materials,868.69,400.73,67.0,27,Q2,46
Automotive,741.07,444.73,97.6,18,Q2,67
Perishables,713.68,468.29,33.0,21,Q1,31
Automotive,940.3,513.64,83.8,9,Q1,44
Perishables,889.59,435.72,69.6,21,Q4,52
Automotive,550.65,334.47,86.6,22,Q1,65
Apparel,530.47,352.04,58.6,12,Q1,31
Perishables,72.95,42.65,17.3,7,Q3,22
Electronics,259.86,142.49,25.8,6,Q4,27
Perishables,204.94,109.93,28.3,6,Q2,31
Electronics,893.34,645.55,20.5,24,Q3,8
Perishables,937.89,529.16,35.9,20,Q3,30
Electronics,254.77,135.24,20.9,23,Q3,10
Electronics,41.65,28.44,45.3,12,Q1,29
Apparel,513.35,328.83,56.5,8,Q1,40
Automotive,228.63,145.56,94.6,18,Q1,77
Perishables,662.07,495.99,113.4,3,Q1,65
Automotive,644.31,433.92,21.1,3,Q2,17
Apparel,857.29,454.81,68.2,18,Q4,67
Perishables,325.16,215.09,112.5,12,Q1,83
Perishables,569.3,260.38,76.9,17,Q2,82
Raw Materials,224.72,138.08,49.0,27,Q4,50
Perishables,867.4,624.07,31.0,24,Q1,13
Automotive,656.38,487.48,62.6,15,Q3,42
Apparel,76.94,48.69,111.8,25,Q4,150
Automotive,225.86,152.64,41.4,18,Q4,39
Apparel,117.9,81.93,17.3,14,Q4,17
Perishables,52.69,29.13,65.4,22,Q1,48
Perishables,103.38,59.27,83.2,11,Q2,108
Perishables,70.62,49.98,17.8,15,Q1,19
Perishables,811.04,500.91,22.8,12,Q3,20
Apparel,922.19,499.86,34.9,26,Q1,22
Apparel,626.43,464.49,17.1,11,Q2,15
Electronics,507.47,344.03,19.2,7,Q4,26
Automotive,937.19,522.96,114.3,20,Q4,90
Perishables,828.92,435.99,21.2,14,Q4,19
Electronics,441.52,322.53,85.6,21,Q4,94
Raw Materials,548.35,262.61,93.2,17,Q2,69
Automotive,755.09,461.56,32.8,10,Q1,19
Automotive,593.24,342.46,73.2,18,Q3,62
Automotive,628.43,314.83,102.6,13,Q2,83
Electronics,219.56,143.77,108.7,13,Q1,83
Raw Materials,49.41,27.78,95.2,6,Q2,95
Electronics,758.78,428.33,21.6,24,Q1,5
Automotive,568.47,360.16,44.1,12,Q4,31
Perishables,186.15,120.59,32.9,15,Q3,42
Raw Materials,343.25,196.16,115.4,21,Q1,91
Perishables,719.09,501.44,88.9,18,Q2,76
Apparel,494.12,232.5,103.9,15,Q2,81
Apparel,230.45,172.58,22.0,23,Q4,21
Perishables,947.39,491.01,108.2,22,Q4,68
Perishables,732.24,516.26,64.7,7,Q4,51
Perishables,675.15,506.05,28.7,18,Q3,17
Perishables,82.09,55.01,59.1,26,Q1,46
Perishables,649.02,472.79,20.6,23,Q4,17
Electronics,276.66,158.72,74.3,3,Q4,84
Automotive,652.9,467.15,61.4,21,Q1,36
Electronics,220.02,109.35,49.6,18,Q3,52
Perishables,907.52,653.12,46.0,17,Q2,44
Electronics,60.52,44.38,33.0,22,Q4,49
Electronics,751.58,528.59,66.5,24,Q4,74
Electronics,421.76,276.27,29.4,14,Q4,24
Raw Materials,118.65,60.54,64.2,19,Q1,52
Perishables,301.67,196.11,73.3,26,Q3,78
Automotive,645.26,350.21,15.0,8,Q1,16
Raw Materials,873.51,579.68,107.8,23,Q3,82
Apparel,175.15,109.61,111.9,23,Q4,149
Apparel,188.13,113.49,31.5,25,Q2,29
Electronics,522.2,330.29,81.7,23,Q3,61
Apparel,394.91,248.01,71.8,7,Q3,59
Apparel,468.39,227.9,100.8,26,Q2,80
Perishables,581.3,377.5,99.3,18,Q2,96
Automotive,658.39,480.54,96.1,6,Q1,62
Electronics,195.18,93.84,86.8,23,Q4,127
Automotive,483.92,317.27,115.0,11,Q1,75
Raw Materials,220.77,146.99,22.3,20,Q3,27
Electronics,96.0,64.23,47.8,21,Q4,54
Electronics,772.22,547.22,95.1,4,Q1,48
Raw Materials,48.68,30.63,92.7,15,Q3,93
Perishables,521.98,337.02,57.3,24,Q3,57
Automotive,840.25,507.25,87.2,24,Q1,49
Electronics,180.88,115.6,110.7,25,Q1,93
Raw Materials,730.72,435.91,31.9,16,Q1,21
Raw Materials,203.8,122.12,81.8,21,Q4,74
Raw Materials,276.25,171.51,85.8,24,Q2,82
Apparel,71.67,44.95,100.1,16,Q4,130
Perishables,589.88,296.03,58.9,15,Q4,60
Apparel,543.68,326.79,61.2,26,Q3,40
Apparel,219.23,137.27,67.5,14,Q2,72
Automotive,441.1,267.44,36.4,22,Q4,34
Perishables,415.01,306.82,112.8,22,Q2,125
Automotive,51.9,36.25,41.5,25,Q2,58
Perishables,94.67,61.76,77.4,12,Q1,68
Raw Materials,402.95,192.88,99.9,15,Q3,84
Automotive,572.79,375.35,47.5,24,Q3,44
Automotive,516.62,383.67,42.7,3,Q3,31
Raw Materials,418.27,256.04,102.0,11,Q4,95
Electronics,629.81,330.99,93.1,15,Q3,67
Apparel,773.43,512.9,59.8,18,Q2,48
Perishables,809.16,479.32,109.6,7,Q4,94
Raw Materials,393.56,192.96,80.5,14,Q1,54
Raw Materials,234.5,129.63,33.5,13,Q4,34
Raw Materials,391.13,178.11,23.4,4,Q4,30
Apparel,577.59,329.33,44.6,25,Q3,36
Electronics,176.09,126.58,112.8,5,Q3,102
Automotive,720.61,497.88,33.2,19,Q3,17
Electronics,420.05,222.21,99.6,23,Q3,82
Electronics,266.53,152.69,98.2,23,Q1,77
Apparel,810.26,488.48,58.2,24,Q3,32
Apparel,348.64,249.86,96.2,16,Q4,121
Raw Materials,321.06,177.34,62.5,21,Q3,52
Apparel,146.51,101.76,85.2,5,Q1,68
Automotive,692.14,428.3,17.4,18,Q4,17
Automotive,155.16,94.18,66.7,21,Q2,64
Raw Materials,417.51,216.96,31.3,10,Q4,29
Apparel,590.86,427.71,51.4,16,Q1,32
Raw Materials,325.78,199.42,23.8,9,Q2,19
Automotive,419.19,265.92,103.4,8,Q1,69
Perishables,47.52,24.52,19.4,15,Q3,8
Apparel,571.64,270.93,52.0,19,Q1,33
Electronics,115.23,82.06,113.0,7,Q2,112
Electronics,633.88,463.75,64.4,19,Q3,51
Apparel,98.69,57.01,62.7,11,Q3,60
Automotive,800.36,412.05,91.0,16,Q1,66
Apparel,669.58,374.15,38.5,15,Q2,18
Apparel,874.29,508.79,25.0,13,Q2,5
Raw Materials,430.24,271.14,56.5,6,Q3,52
Raw Materials,48.83,34.57,20.4,11,Q1,21
Perishables,58.67,37.6,80.8,18,Q2,97
Apparel,612.14,357.42,91.9,20,Q4,107
Raw Materials,519.63,383.77,83.6,7,Q1,62
Perishables,580.84,332.19,104.0,8,Q2,104
Raw Materials,701.67,503.66,79.0,8,Q2,62
Raw Materials,120.09,57.87,53.5,10,Q4,42
Perishables,326.09,165.32,105.7,15,Q2,113
Apparel,887.03,599.88,44.2,22,Q2,19
Raw Materials,64.21,37.33,50.8,20,Q2,54
Raw Materials,214.75,119.94,16.2,13,Q1,16
Electronics,710.01,410.81,72.7,13,Q4,78
Apparel,593.02,374.67,32.7,22,Q4,42
Raw Materials,278.79,145.55,81.9,26,Q3,68
Raw Materials,673.82,429.35,87.3,14,Q1,48
Perishables,658.63,383.57,25.1,18,Q1,19
Apparel,759.6,484.49,112.9,22,Q1,76
Electronics,524.24,329.91,67.3,11,Q3,58
Electronics,300.86,192.52,84.2,27,Q1,63
Perishables,601.3,342.99,84.2,5,Q3,66
Perishables,833.11,503.61,25.6,22,Q3,25
Apparel,77.76,51.76,73.8,24,Q1,49
Raw Materials,513.72,324.91,103.8,24,Q1,71
Automotive,273.72,167.83,66.4,5,Q1,44
Raw Materials,907.34,539.85,47.3,12,Q3,32
Electronics,365.58,170.91,38.1,25,Q3,32
Perishables,879.47,434.64,68.0,18,Q3,44
Raw Materials,67.75,48.13,43.0,4,Q1,40
Apparel,137.27,75.77,92.8,26,Q4,115
Electronics,226.1,146.65,49.7,15,Q1,39
Automotive,707.6,398.02,117.9,24,Q4,98
Raw Materials,104.63,63.16,106.8,26,Q1,84
Electronics,450.49,214.77,69.6,25,Q2,67
Perishables,153.51,106.46,45.6,18,Q1,38
Apparel,778.22,531.68,42.9,15,Q2,46
Perishables,78.06,43.93,78.3,26,Q3,86
Perishables,893.37,438.96,56.8,4,Q2,54
Electronics,852.63,455.52,78.1,18,Q4,77
Raw Materials,267.5,157.68,86.3,25,Q2,80
Automotive,472.32,241.83,113.6,20,Q2,104
Automotive,582.31,431.26,92.1,23,Q3,75
Apparel,412.37,241.96,34.5,19,Q2,13
Automotive,784.67,437.64,28.2,14,Q2,16
Raw Materials,405.63,193.61,113.0,20,Q2,91
Electronics,913.61,460.33,71.2,19,Q4,61
Apparel,67.57,35.05,43.8,19,Q3,36
Apparel,250.99,128.16,15.9,10,Q3,5
Automotive,655.29,353.44,91.5,26,Q1,51
Electronics,908.07,459.24,64.3,17,Q3,49
Raw Materials,585.36,355.37,57.5,5,Q2,57
Automotive,677.74,319.87,76.2,5,Q1,58
Perishables,614.55,350.94,71.4,8,Q3,58
Apparel,617.43,364.4,70.9,6,Q4,74
Perishables,406.38,196.24,41.9,14,Q1,38
Automotive,129.67,67.79,62.7,25,Q2,57
Raw Materials,131.48,79.04,58.5,23,Q2,58
Apparel,805.35,479.95,39.9,23,Q3,11
Apparel,526.29,263.26,41.1,25,Q4,41
Apparel,741.44,483.3,52.5,22,Q3,36
Apparel,501.31,272.6,33.8,17,Q1,25
Perishables,309.76,206.29,38.1,16,Q4,50
Apparel,777.57,355.39,71.8,18,Q3,54
Raw Materials,112.61,70.34,101.7,8,Q2,102
Raw Materials,465.3,261.52,68.8,20,Q2,66
Automotive,562.02,346.52,109.7,24,Q1,75
Raw Materials,129.63,86.91,103.9,23,Q4,107
Apparel,203.35,105.8,91.8,4,Q1,63
Apparel,358.37,192.63,109.9,27,Q4,126
Apparel,488.65,251.3,83.1,10,Q3,73
Automotive,940.16,574.71,113.9,24,Q2,69
Perishables,229.3,148.75,50.8,10,Q3,44
Apparel,165.36,105.71,77.0,23,Q2,81
Perishables,653.34,383.87,64.6,27,Q3,53
Apparel,400.57,251.57,51.5,13,Q3,47
Electronics,309.0,166.36,102.7,11,Q4,127
Automotive,513.28,257.11,89.5,8,Q4,76
Raw Materials,103.15,52.52,99.6,4,Q4,99
Automotive,85.56,41.74,66.8,10,Q4,83
